feature,importance
feature_6,0.4746685310477819
feature_7,0.24117954723287113
feature_11,0.19696611191303082
feature_10,0.022359782527496087
feature_5,0.02073722305053642
feature_1,0.007866994562653492
feature_8,0.007492464624814354
feature_4,0.006452046561797872
feature_9,0.0058003456611796685
feature_3,0.005579949630256612
feature_2,0.0054993023066428675
feature_0,0.0053977008809387985
