{
  "metrics": {
    "accuracy": 0.8925,
    "precision": 0.8944723618090452,
    "recall": 0.89,
    "f1": 0.8922305764411027,
    "roc_auc": 0.952375
  },
  "best_threshold": {
    "threshold": 0.4766666666666667,
    "precision": 0.8883495145631068,
    "recall": 0.915,
    "f1": 0.9014778325123154
  }
}