{
  "models_evaluated": [
    "mean_baseline",
    "linear_regression",
    "xgboost"
  ],
  "best_model_by_rmse": {
    "model": "linear_regression",
    "mae": 8.978848982223067,
    "rmse": 11.264728735271278,
    "r2": 0.9913864801717611
  },
  "actual_summary": {
    "mean_actual": -3.6810651532946825,
    "std_actual": 121.37532591804367
  },
  "prediction_summary": {
    "mean_baseline": {
      "mean_predicted": -0.9967509448541836,
      "std_predicted": 0.0
    },
    "linear_regression": {
      "mean_predicted": -3.288976019207971,
      "std_predicted": 120.85743384025886
    },
    "xgboost": {
      "mean_predicted": -3.053182363510132,
      "std_predicted": 109.05144500732422
    }
  }
}